"","PIB","Emprego","Cambio","PTF","KHumano"
"PIB",1,0.491681173798526,-0.528122661469129,0.313504118872155,-0.303297450721415
"Emprego",0.491681173798526,1,-0.283039198012564,-0.387676067478714,-0.150769132173095
"Cambio",-0.528122661469129,-0.283039198012564,1,-0.123906686824422,0.514363775110849
"PTF",0.313504118872155,-0.387676067478714,-0.123906686824422,1,-0.15191486604623
"KHumano",-0.303297450721415,-0.150769132173095,0.514363775110849,-0.15191486604623,1
